ReviewID,ReviewText,Category
REV-001,The product quality is excellent and the delivery was very fast.,Product Review
REV-002,I am very happy with this purchase. The item works perfectly.,Product Review
REV-003,The package arrived late but the product itself is good.,Product Review
REV-004,Customer service was helpful and solved my problem quickly.,Product Review
REV-005,The laptop performance is impressive for the price.,Product Review
REV-006,I do not like the battery life because it drains too quickly.,Product Review
REV-007,This phone has a beautiful screen and a smooth user experience.,Product Review
REV-008,"The product was damaged when it arrived, so I requested a replacement.",Product Review
REV-009,Amazing quality. I would definitely buy this product again.,Product Review
REV-010,The instructions were confusing and difficult to understand.,Product Review
REV-011,The delivery person was polite and the package was handled carefully.,Product Review
REV-012,This is one of the best purchases I have made this year.,Product Review
REV-013,"The size was smaller than I expected, but the material feels good.",Product Review
REV-014,I received the wrong item and the return process took too long.,Product Review
REV-015,The camera quality is excellent in daylight and good indoors.,Product Review
REV-016,The price is reasonable and the product offers great value.,Product Review
REV-017,The application is easy to use and the interface is simple.,Product Review
REV-018,"The product stopped working after two weeks, which was disappointing.",Product Review
REV-019,Fast shipping and excellent packaging. Everything arrived safely.,Product Review
REV-020,The color looks different from the pictures shown online.,Product Review
REV-021,I have used this product for several months and it still works well.,Product Review
REV-022,"The sound quality is clear, although the volume could be louder.",Product Review
REV-023,"The product is useful, reliable, and easy to operate.",Product Review
REV-024,The customer support team did not respond to my emails.,Product Review
REV-025,I am satisfied with the overall quality and performance of this item.,Product Review
REV-026,The item arrived on time and matched the description perfectly.,Product Review
REV-027,"The build quality feels cheap, but the product performs reasonably well.",Product Review
REV-028,"I love the design. It is modern, lightweight, and comfortable to use.",Product Review
REV-029,The setup process was simple and took only a few minutes.,Product Review
REV-030,"The product is expensive, but the performance justifies the price.",Product Review
REV-031,I experienced several technical problems during the first week.,Product Review
REV-032,The display is bright and the colors look accurate.,Product Review
REV-033,The delivery was delayed because of a shipping issue.,Product Review
REV-034,Very good product with excellent performance and useful features.,Product Review
REV-035,The buttons feel uncomfortable and the design needs improvement.,Product Review
REV-036,I would recommend this product to my friends and family.,Product Review
REV-037,The product description was accurate and the quality exceeded my expectations.,Product Review
REV-038,The charger became hot after a short period of use.,Product Review
REV-039,The website was easy to navigate and placing the order was simple.,Product Review
REV-040,The product arrived in perfect condition and works exactly as expected.,Product Review
REV-041,I was disappointed because an important part was missing from the box.,Product Review
REV-042,The material is strong and the overall design feels premium.,Product Review
REV-043,"The delivery was quick, but the packaging could have been better.",Product Review
REV-044,"The product is simple, effective, and worth the money.",Product Review
REV-045,The software crashes occasionally when I use multiple features at once.,Product Review
REV-046,I am pleased with the purchase and the service was excellent.,Product Review
REV-047,The product is not as durable as the advertisement suggested.,Product Review
REV-048,Excellent experience from ordering to delivery. Everything was smooth.,Product Review
REV-049,"The product works well, although I expected more advanced features.",Product Review
REV-050,I had a positive experience and would consider buying again.,Product Review
